{"nodes":{"node:1":{"location":{"x":100,"y":250}}},"selection":null,"view":{"scroll":{"x":59.8208847045898438,"y":-0.16782379150390625},"visible_rect":{"max":{"x":1497.6417236328125,"y":1183.664306640625},"min":{"x":119.641769409179688,"y":-0.3356475830078125}},"zoom":0.5}}