{"nodes":null,"selection":null,"view":{"scroll":{"x":1614.332275390625,"y":-1311.056640625},"visible_rect":{"max":{"x":6782.4072265625,"y":-2715.145751953125},"min":{"x":3814.5615234375,"y":-3097.941162109375}},"zoom":0.423202574253082275}}